<!-- This file is used to generate a xml help file which can be used
     inside the SharpDevelop help browser -->
<HelpCollection>
  <HelpFile hhc="SharpDevelop.hhc" chm="SharpDevelop.chm"/>
  
  <HelpFolder name="#ziplib">
    <HelpFile hhc="031SharpZipLib.hhc" chm="031SharpZipLib.chm" />
  </HelpFolder>
  
  <HelpFolder name=".NET Framework Library Reference">
  	<HelpAssemblies helpformat="SDK">
  		<Assembly>mscorlib</Assembly>
  		<Assembly>System</Assembly>
  		<Assembly>System.Configuration.Install</Assembly>
  		<Assembly>System.Data</Assembly>
  		<Assembly>System.Data.OracleClient</Assembly> 
  		<Assembly>System.Design</Assembly>
  		<Assembly>System.DirectoryServices</Assembly>
  		<Assembly>System.Drawing</Assembly>
  		<Assembly>System.Drawing.Design</Assembly>
  		<Assembly>System.EnterpriseServices</Assembly>
  		<Assembly>System.Management</Assembly>
  		<Assembly>System.Messaging</Assembly>
  		<Assembly>System.Runtime.Remoting</Assembly>
  		<Assembly>System.Runtime.Serialization.Formatters.Soap</Assembly>
  		<Assembly>System.Security</Assembly>
  		<Assembly>System.ServiceProcess</Assembly>
  		<Assembly>System.Web</Assembly>
  		<Assembly>System.Web.RegularExpressions</Assembly>
  		<Assembly>System.Web.Services</Assembly>
  		<Assembly>System.Windows.Forms</Assembly>
  		<Assembly>System.Xml</Assembly>
  	</HelpAssemblies>
  </HelpFolder>
  
  <Condition canload="Microsoft.DirectX">
	  <HelpFolder name="DirectX9 Managed Reference">
	  	<HelpAssemblies helpformat="DirectX9">
	  		<Assembly>Microsoft.DirectX</Assembly>
	  		<Assembly>Microsoft.DirectX.AudioVideoPlayback</Assembly>
	  		<Assembly>Microsoft.DirectX.Diagnostics</Assembly>
	  		<Assembly>Microsoft.DirectX.Direct3D</Assembly>
	  		<Assembly>Microsoft.DirectX.Direct3DX</Assembly>
	  		<Assembly>Microsoft.DirectX.DirectDraw</Assembly>
	  		<Assembly>Microsoft.DirectX.DirectInput</Assembly>
	  		<Assembly>Microsoft.DirectX.DirectPlay</Assembly>
	  		<Assembly>Microsoft.DirectX.DirectSound</Assembly>
	  	</HelpAssemblies>
	  </HelpFolder>
  </Condition>
</HelpCollection>
